0,1,2,3,4,5
0.0,0.0,-1.0,0.0,0.0,0.0
-0.0008100696105729931,0.005116128993877446,-1.0005600289600753,-0.004726165236581281,-0.0008100054979586083,0.00016901110663755789
-0.001621142984263052,0.010243189419725709,-1.00109755301034,-0.009486813318595208,-0.001620452793001625,0.0003382694611956114
-0.0024332541263827343,0.015381016002094763,-1.0016120835253248,-0.014282276650693652,-0.0024313592983528447,0.0005077818517879818
-0.0032464368327533195,0.020529441106195753,-1.0021031296632084,-0.01911288759570877,-0.0032427422923450196,0.0006775550712424519
-0.0040607246897462115,0.025688294709972345,-1.002570198368537,-0.02397897844475435,-0.004054618918274359,0.0008475959183441796
-0.0048761510743491636,0.03085740437618496,-1.003012794375049,-0.02888088138721264,-0.004867006184266862,0.001017911199054635
-0.00569274915426001,0.03603659522452363,-1.0034304202086122,-0.033818928480619515,-0.00567992096315791,0.0011885077277045187
-0.0065105518880107386,0.041225689903765746,-1.0038225761902677,-0.03879345162046121,-0.006493379992386612,0.0013593923281590707
-0.007329592025124898,0.04642450856399536,-1.004188760439389,-0.04380478250989655,-0.007307399873906488,0.001530571834954112
-0.008149902106311453,0.05163286882890137,-1.004528468876953,-0.04885325262941884,-0.008121997074114146,0.0017020530944011072
-0.00897151446369841,0.0568505857681722,-1.0048411952289242,-0.05393919320647238,-0.00893718792379769,0.0018738429656594694
-0.00979446122110963,0.06207747187000526,-1.0051264310297576,-0.059062935185038745,-0.00975298861810669,0.0020459483217742714
-0.01061877429438848,0.06731333701374982,-1.005383665626015,-0.06422480919520894,-0.01056941521654561,0.0022183760506774577
-0.01144448539177207,0.07255798844270268,-1.0056123861801016,-0.06942514552275748,-0.011386483642992702,0.0023911330561505913
-0.012271626014320051,0.07781123073707623,-1.0058120776741186,-0.07466427407873552,-0.012204209685746445,0.0025642262587470986
-0.013100227456402064,0.08307286578715918,-1.005982222913839,-0.07994252436910018,-0.013022608997601692,0.00273766259667191
-0.013930320806248175,0.08834269276669086,-1.0061223025328019,-0.08526022546439826,-0.013841697095957797,0.0029114490266163237
-0.01476193694656674,0.09362050810647017,-1.0062317949965278,-0.09061770596952243,-0.014661489362961076,0.0030855925245458515
-0.015595106555234368,0.09890610546822125,-1.0063101766068592,-0.09601529399355896,-0.015482001045684044,0.003260100086438728
-0.016429860106062833,0.10419927571873797,-1.0063569215064214,-0.10145331711974649,-0.016303247256343977,0.0034349787289727
-0.017266227869647946,0.10949980690433038,-1.0063715016832102,-0.10693210237556554,-0.017125242972563442,0.0036102354901576318
-0.018104239914305622,0.11480748422559632,-1.006353386975303,-0.11245197620297927,-0.017948003037675513,0.003785877429911386
-0.018943926107100557,0.12012209001254222,-1.0063020450756965,-0.11801326442884635,-0.018771542161076543,0.003961911630576368
-0.019785316114973132,0.12544340370007767,-1.0062169415372721,-0.12361629223552734,-0.019595874918629394,0.00413834519737404
-0.020628439405970332,0.13077120180390872,-1.0060975397778873,-0.12926138413170607,-0.02042101575312019,0.004315185258794626
-0.021473325250586744,0.13610525789685538,-1.005943301085598,-0.13494886392344882,-0.021246978974771707,0.004492438966919169
-0.022320002723221804,0.14144534258561978,-1.0057536846240103,-0.14067905468552325,-0.02207377876181669,0.004670113497670978
-0.023168500703759778,0.14679122348803136,-1.0055281474377624,-0.1464522787330008,-0.022901429161134374,0.0048482160509934705
-0.02401884787927909,0.15214266521079647,-1.0052661444581412,-0.15226885759316544,-0.02372994408895377,0.00502675385095129
-0.024871072745897872,0.15749942932778022,-1.0049671285088309,-0.15812911197775317,-0.024559337331627167,0.005205734145751509
-0.025725203610762803,0.16286127435884887,-1.0046305503117987,-0.1640333617555459,-0.0253896225464776,0.005385164207681648
-0.026581268594188575,0.16822795574930183,-1.0042558584933183,-0.16998192592534433,-0.026220813262724057,0.005565051332961124
-0.027439295631955463,0.17359922584992252,-1.0038424995901323,-0.175975122589345,-0.027052922882488284,0.005745402841502684
-0.028299312477772797,0.17897483389767857,-1.0033899180557566,-0.18201326892694583,-0.02788596468188723,0.005926226076580272
-0.0291613467059163,0.18435452599710164,-1.002897556266932,-0.18809668116900588,-0.028719951812215237,0.00610752840439968
-0.030025425714047514,0.18973804510237846,-1.0023648545302208,-0.19422567457258463,-0.029554897301220205,0.006289317213568236
-0.030891576726223773,0.19512513100018467,-1.0017912510887577,-0.20040056339618628,-0.03039081405447808,0.006471599914459719
-0.031759826796107414,0.20051552029329409,-1.0011761821291538,-0.20662166087553469,-0.03122771485687014,0.0066543839384705355
-0.03263020281038318,0.20590894638499646,-1.0005190817885634,-0.21288927919990477,-0.032065612374167655,0.00683767673716315
-0.03350273149239296,0.21130513946435736,-0.9998193821619132,-0.21920372948903616,-0.032904519154728605,0.007021485781292619
-0.03437743940599736,0.21670382649235448,-0.999076513309305,-0.2255653217706543,-0.0337444476313113,0.007205818559711995
-0.03525435295967374,0.22210473118892543,-0.9982899032635935,-0.23197436495862525,-0.03458541012300982,0.00739068257815226
-0.03613349841086066,0.2275075740209626,-0.99745897803815,-0.23843116683176885,-0.035427418837316364,0.007576085357872339
-0.037014901870559,0.23291207219129134,-0.9965831616348189,-0.24493603401335592,-0.03627048587231562,0.007762034434174625
-0.03789858930820015,0.23831793962866832,-0.9956618760520747,-0.25148927195131404,-0.03711462321901659,0.007948537354781359
-0.038784586556792,0.243724886978838,-0.9946945412933925,-0.2580911848991662,-0.037959842763827155,0.008135601678067074
-0.03967291931835382,0.2491326215966854,-0.9936805753758402,-0.2647420758977269,-0.03880615629117705,0.008323234971142204
-0.040563613169651236,0.25454084753952416,-0.9926193943389069,-0.2714422467575781,-0.03965357548629486,0.00851144480778284
-0.041456693568242824,0.25994926556156017,-0.9915104122535813,-0.27819199804234884,-0.04050211193814492,0.00870023876620151
-0.04235218585885031,0.265357573109571,-0.9903530412316941,-0.2849916290528197,-0.04135177714253001,0.008889624426653682
-0.04325011528006437,0.2707654643198428,-0.9891466914355428,-0.29184143781187377,-0.04220258250536591,0.009079609368874655
-0.04415050697139854,0.27617263001640713,-0.987890771087817,-0.298741721050314,-0.04305453934613414,0.009270201169341274
-0.045053385980703894,0.2815787577106205,-0.9865846864818453,-0.3056927741935662,-0.04390765890151904,0.009461407398352837
-0.04595877727195768,0.2869835316021312,-0.9852278419921862,-0.31269489134928585,-0.044761952329235924,0.009653235616925404
-0.04686670573343905,0.29238663258127795,-0.9838196400855876,-0.3197483652958843,-0.04561743071205667,0.009845693373493577
-0.04777719618630578,0.29778773823296734,-0.9823594813323443,-0.326853487471991,-0.04647410506203976,0.01003878820041366
-0.0486902733935858,0.30318652284207576,-0.9808467644180802,-0.3340105479668637,-0.04733198632497149,0.010232527610261992
-0.04960596206959804,0.30858265740042534,-0.9792808861559915,-0.34121983551175933,-0.0481910853850256,0.01042691909192207
-0.05052428688981708,0.3139758096153825,-0.9776612414995854,-0.34848163747227473,-0.04905141306964839,0.010621970106453897
-0.05144527250119691,0.31936564392013006,-0.9759872235559527,-0.3557962398416651,-0.04991298015467678,0.01081768808273888
-0.05236894353296892,0.3247518214856643,-0.9742582235996186,-0.36316392723514523,-0.05077579736969686,0.011014080412893366
-0.05329532460793014,0.3301340002345707,-0.9724736310870178,-0.3705849828851766,-0.05163987540365061,0.011211154447443788
-0.054224440354237805,0.3355118348566326,-0.9706328336716443,-0.37805968863773987,-0.052505224910698665,0.011408917490256146
-0.055156315417726795,0.34088497682632946,-0.9687352172199316,-0.3855883249495903,-0.05337185651634721,0.01160737679321241
-0.05609097447476701,0.3462530744222814,-0.9667801658279221,-0.39317117088648995,-0.05423978082384719,0.011806539550626197
-0.057028442245678095,0.3516157727487012,-0.9647670618387928,-0.400808504122407,-0.0551090084208743,0.01200641289338986
-0.05796874350871933,0.3569727137589133,-0.9626952858613045,-0.4085006009396687,-0.05597954988649836,0.012207003882844944
-0.058911903114673106,0.36232353628100455,-0.960564216789254,-0.41624773623005173,-0.056851415798450884,0.012408319504367694
-0.05985794600204079,0.3676678760456709,-0.9583732318220093,-0.42405018349678725,-0.05772461674069992,0.012610366660661081
-0.06080689721287024,0.3730053657163284,-0.9561217064862183,-0.4319082148574557,-0.058599163311341324,0.012813152164744556
-0.06175878190923492,0.3783356349215579,-0.9538090146587866,-0.43982210104773983,-0.05947506613081607,0.013016682732632488
-0.06271362539038498,0.38365831028995595,-0.9514345285912285,-0.4477921114260005,-0.0603523358504632,0.013220964975691928
-0.06367145311059128,0.38897301548746716,-0.948997618935503,-0.4558185139786324,-0.06123098316141847,0.013426005392670123
-0.06463229069770396,0.3942793712572757,-0.9464976547714572,-0.463901575326153,-0.06211101880386891,0.0136318103613818
-0.06559616397244776,0.3995769954623371,-0.9439340036360038,-0.47204156072997056,-0.0629924535766738,0.013838386130046013
-0.066563098968477,0.40486550313063435,-0.9413060315541764,-0.48023873409976947,-0.06387529834736282,0.014045738808261944
-0.06753312195321373,0.41014450650324635,-0.9386131030722109,-0.4884933580014459,-0.06475956406252266,0.014253874357612717
-0.06850625944949354,0.41541361508532,-0.935854581292816,-0.4968056936655167,-0.06564526175858328,0.014462798581885917
-0.06948253825804379,0.42067243570004104,-0.9330298279128058,-0.5051760009959184,-0.06653240257301576,0.014672517116899072
-0.07046198548082058,0.4259205725457038,-0.9301382032632821,-0.5136045385791029,-0.06742099775595391,0.01488303541991798
-0.07144462854523081,0.43115762725598367,-0.9271790663525671,-0.5220915636933275,-0.0683110586822519,0.015094358758655314
-0.07243049522926731,0.4363831989635213,-0.9241517749120993,-0.5306373323180276,-0.06920259686399118,0.01530649219983644
-0.07341961368758537,0.4415968843669328,-0.9210556854455266,-0.5392420991431486,-0.0700956239634497,0.015519440597318924
-0.0744120124785506,0.4467982778013657,-0.9178901532812392,-0.547906117578305,-0.07099015180654752,0.015733208579751693
-0.07540772059228842,0.4519869713127258,-0.9146545326286106,-0.5566296397616182,-0.07188619239678269,0.015947800537759228
-0.07640676747976735,0.457162554735707,-0.9113481766382262,-0.5654129165680774,-0.07278375792967258,0.016163220610635614
-0.07740918308294877,0.46232461577576234,-0.9079704374664045,-0.5742561976172501,-0.07368286080771563,0.0163794726725327
-0.07841499786603758,0.4674727400951621,-0.9045206663443326,-0.5831597312801584,-0.07458351365588954,0.01659656031812586
-0.0794242428478693,0.47260651140329163,-0.900998213652163,-0.5921237646851176,-0.07548572933770228,0.016814486847740354
-0.08043694963547039,0.47772551155135023,-0.89740242899844,-0.601148543722324,-0.07638952097181306,0.01703325525192035
-0.08145315045883046,0.48282932063162093,-0.8937326613052502,-0.6102343130469551,-0.07729490194924088,0.017252868195422124
-0.08247287820692613,0.4879175170814894,-0.8899882588995174,-0.6193813160805346,-0.07820188595117934,0.017473328000611996
-0.08349616646503837,0.49298967779240116,-0.8861685696108912,-0.6285897950102891,-0.07911048696743665,0.017694636630248825
-0.08452304955340659,0.49804537822395517,-0.8822729408767067,-0.6378599907862091,-0.08002071931552107,0.017916795669629944
-0.08555356256726472,0.5030841925233437,-0.8783007198545254,-0.6471921431155034,-0.08093259766039243,0.018139806308078533
-0.08658774141830645,0.508105693650359,-0.8742512535427993,-0.6565864904541127,-0.08184613703490157,0.018363669319749375
-0.0876256228776289,0.513109453508201,-0.8701238889102374,-0.6660432699949286,-0.08276135286094033,0.01858838504372902
-0.08866724462020592,0.5180950430803318,-0.8659179730344876,-0.6755627176523359,-0.08367826097132569,0.01881395336340519
-0.08971264527094505,0.5230620325736357,-0.8616328532507888,-0.6851450680426722,-0.08459687763244282,0.019040373685079208
-0.09076186445238381,0.5280099915681616,-0.8572678773112878,-0.6947905544601709,-0.08551721956767283,0.01926764491579399
-0.09181494283408421,0.5329384891737348,-0.8528223935557598,-0.7044994088479251,-0.08643930398163209,0.01949576544034892
-0.09287192218378676,0.5378470941937452,-0.8482957510945148,-0.7142718617633794,-0.08736314858525153,0.01972473309747161
-0.09393284542038796,0.5427353752964346,-0.843687300004324,-0.7241081423378263,-0.08828877162172515,0.019954545155115175
-0.09499775666880857,0.5476029011940221,-0.8389963915382471,-0.7340084782293468,-0.08921619189335879,0.020185198284848258
-0.0960667013168227,0.5524492408300289,-0.8342223783502969,-0.743973095568605,-0.09014542878935139,0.020416688535303488
-0.09713972607392132,0.5572739635751788,-0.829364614735931,-0.7540022188968662,-0.09107650231454252,0.020649011304648558
-0.09821687903228718,0.5620766394322756,-0.8244224568894222,-0.7640960710955695,-0.09200943311916157,0.02088216131204248
-0.09929820972996156,0.5668568392504777,-0.8193952631792145,-0.7742548733067482,-0.09294424252961578,0.021116132568037838
-0.10038376921628744,0.5716141349494126,-0.814282394442443,-0.7844788448435477,-0.09388095258035567,0.021350918343888244
-0.10147361011971724,0.5763480997535999,-0.8090832142998541,-0.7947682030900459,-0.0948195860468588,0.0215865111397182
-0.1025677867180778,0.5810583084376723,-0.8037970894924389,-0.8051231633895378,-0.09576016647977417,0.021822902651510927
-0.10366635501138938,0.5857443375829126,-0.7984233902411608,-0.8155439389203962,-0.09670271824027192,0.02206008373686756
-0.10476937279734024,0.5904057658456499,-0.7929614906312342,-0.8260307405585733,-0.09764726653664504,0.02229804437948936
-0.10587689974952284,0.5950421742380848,-0.7874107690224887,-0.8365837767257535,-0.09859383746221181,0.022536773652332316
-0.106988997498543,0.5996531464221428,-0.7817706084874352,-0.8472032532221198,-0.09954245803457017,0.022776259679381624
-0.10810572971611802,0.604238269016983,-0.7760403972787296,-0.8578893730426358,-0.10049315623625739,0.02301648959599125
-0.10922716220228587,0.6087971319208194,-0.7702195293278202,-0.868642336175694,-0.10144596105687115,0.0232574495077317
-0.11035336297585226,0.6133293286477437,-0.7643074047766462,-0.8794623393829187,-0.10240090253671033,0.023499124447686842
-0.11148440236820893,0.6178344566802656,-0.7583034305443499,-0.8903495759588584,-0.1033580118119967,0.0237414983321385
-0.11262035312066195,0.6223121178383231,-0.7522070209310544,-0.9013042354692348,-0.1043173211617414,0.023984553914575154
-0.11376129048541524,0.626761918665542,-0.7460175982608485,-0.9123265034663607,-0.1052788640563228,0.024228272737959
-0.1149072923303609,0.631183470833559,-0.7397345935662184,-0.9234165611802739,-0.10624267520784524,0.024472635085183266
-0.11605843924783427,0.6355763915652519,-0.7333574473162577,-0.9345745851840703,-0.1072087906223513,0.024717619927649544
-0.11721481466749854,0.6399403040777535,-0.7268856101910789,-0.9458007470318597,-0.10817724765396294,0.024963204871892762
-0.1183765049735306,0.6442748380461533,-0.7203185439049462,-0.9570952128677036,-0.10914808506103035,0.02520936610417929
-0.11954359962628647,0.648579630088824,-0.7136557220807385,-0.9684581430038335,-0.11012134306436999,0.025456078333001703
-0.1207161912886324,0.6528543242753347,-0.7068966311784386,-0.9798896914663866,-0.11109706340767707,0.025703314729391854
-0.12189437595713422,0.6570985726579395,-0.7000407714804331,-0.9913900055068405,-0.11207528942020045,0.025951046864972172
-0.12307825309830528,0.6613120358276547,-0.6930876581364833,-1.0029592250772703,-0.11305606608177148,0.026199244647663527
-0.12426792579012046,0.6654943834959589,-0.6860368222713039,-1.0145974822675028,-0.11403944009028108,0.026447876254966692
-0.1254635008690109,0.6696452951031626,-0.6788878121577506,-1.026304900702193,-0.11502545993170338,0.026696908064733314
-0.1266650890825615,0.6737644604545154,-0.6716401944586743,-1.0380815948958084,-0.11601417595276625,0.02694630458334151
-0.1278728052481402,0.6778515803851178,-0.664293555540544,-1.0499276695634732,-0.11700564043637328,0.027196028371190777
-0.12908676841769515,0.6819063674547119,-0.6568475028619718,-1.0618432188855953,-0.11799990767988376,0.027446039965430793
-0.13030710204896234,0.6859285466734187,-0.6493016664402863,-1.0738283257241878,-0.11899703407636078,0.02769629779983911
-0.13153393418333317,0.6899178562594761,-0.6416557003992994,-1.0858830607887873,-0.11999707819889972,0.027946758121763626
-0.13276739763063675,0.6938740484300093,-0.6339092846013827,-1.098007481749882,-0.1210001008881522,0.02819737490604715
-0.13400763016109793,0.697796890225835,-0.6260621263669207,-1.1102016322977881,-0.1220061653431625,0.028448099765853562
-0.1352547747047368,0.7016861643712523,-0.6181139622841271,-1.1224655411449531,-0.12301533721563554,0.028698881860317774
-0.13650897955847957,0.7055416701697202,-0.6100645601121004,-1.1347992209697226,-0.12402768470775703,0.028949667798945422
-0.1377703986012545,0.7093632244362459,-0.6019137207798453,-1.1472026672996993,-0.1250432786736873,0.02920040154269263
-0.13903919151734886,0.7131506624672196,-0.5936612804837986,-1.1596758573329236,-0.12606219272485142,0.02945102430166163
-0.14031552402830486,0.7169038390483261,-0.5853071128861647,-1.172218748695246,-0.12708450333914778,0.029701474429354478
-0.14159956813363228,0.7206226295010338,-0.5768511314160794,-1.1848312781324317,-0.12811028997419743,0.02995168731343476
-0.14289150236061499,0.7243069307680129,-0.5682932916752843,-1.1975133601357357,-0.12913963518475474,0.030201595262955877
-0.14419151202348562,0.7279566625376611,-0.5596335939495907,-1.2102648854999314,-0.13017262474439836,0.03045112739202471
-0.14549978949223877,0.7315717684077152,-0.5508720858269465,-1.223085719813055,-0.13120934777161863,0.03070020949988078
-0.14681653447134652,0.7351522170876962,-0.5420088649223828,-1.235975701877456,-0.13224989686041386,0.030948763947384113
-0.14814195428863258,0.7386980036396811,-0.533044081709499,-1.2489346420621183,-0.13329436821550317,0.03119670952991928
-0.1494762641945504,0.7422091507565987,-0.5239779424574493,-1.2619623205866413,-0.134342861792258,0.03144396134673917
-0.15081968767209822,0.7456857100769236,-0.5148107122716058,-1.2750584857377527,-0.13539548144144725,0.031690430666789636
-0.15217245675758836,0.7491277635342808,-0.5055427182351967,-1.2882228520197678,-0.13645233505888313,0.03193602479107541
-0.15353481237247046,0.7525354247400718,-0.4961743526482406,-1.3014550982410023,-0.13751353474004457,0.032180646911648514
-0.1549070046663869,0.7559088403967985,-0.486706076359022,-1.314754865538817,-0.13857919693974555,0.032424195967323016
-0.15628929337161515,0.7592481917392784,-0.4771384221821733,-1.3281217553466989,-0.13964944263690166,0.03266656649624375
-0.1576819481690243,0.7625536960004304,-0.4674719983961435,-1.3415553273075733,-0.14072439750443602,0.03290764848546248
-0.1590852490656433,0.7658256078977502,-0.4577074923114448,-1.35505509713841,-0.14180419208434927,0.03314732721770154
-0.1604994867839043,0.7690642211359959,-0.44784567389957236,-1.3686205344521063,-0.14288896196796216,0.033385483115512954
-0.16192496316258842,0.7722698699209734,-0.4378873994709019,-1.38225106054362,-0.14397884798132068,0.03362199158307007
-0.16336199156946132,0.7754429304786358,-0.42783361538818,-1.3959460461483766,-0.14507399637573432,0.033856722845857966
-0.16481089732554302,0.7785838225730158,-0.41768536180045046,-1.4097048091820719,-0.1461745590233966,0.03408954178855866
-0.16627201814091122,0.7816930110157773,-0.4074437763804123,-1.4235266124721464,-0.14728069361801494,0.03432030779145655
-0.16774570456188936,0.7847710071594268,-0.39711009804629865,-1.43741066149239,-0.14839256388035374,0.034548874565718236
-0.16923232042942082,0.7878183703654663,-0.3866856706474201,-1.4513561021133499,-0.1495103397685701,0.03477508998792827
-0.17073224334837897,0.790835709437998,-0.37617194659054887,-1.4653620183824418,-0.15063419769319686,0.03499879593428764
-0.1722458651675111,0.7938236840125394,-0.3655704903823643,-1.479427430348883,-0.15176432073660298,0.03521982811490465
-0.17377359246966098,0.796783005889063,-0.35488298206125846,-1.4935512919497642,-0.15290089887673564,0.03543801590862664
-0.17531584707186387,0.7997144402975674,-0.34411122048995557,-1.507732488974733,-0.15404412921492466,0.03565318219887571
-0.17687306653485735,0.8026188070838278,-0.3332571264786608,-1.5219698371278412,-0.15519421620750606,0.035865143210960564
-0.17844570468150417,0.8054969818023758,-0.322322745706873,-1.5362620802061004,-0.1563513719009997,0.036073708351339384
-0.1800342321235807,0.8083498967032456,-0.3113102514106122,-1.550607888415155,-0.15751581617055627,0.03627868004930355
-0.18163913679634583,0.8111785415986096,-0.3002219468006767,-1.5650058568431882,-0.15868777696137176,0.03647985360153855
-0.18326092450027515,0.813983964595135,-0.28906026717670974,-1.5794545041147026,-0.15986749053275442,0.03667701701999527
-0.18490011944932158,0.816767272677743,-0.27782778170136657,-1.5939522712461225,-0.16105520170451876,0.036869950883470975
-0.1865572648250511,0.8195296321304603,-0.26652719479879144,-1.6084975207252143,-0.16225116410537754,0.03705842819325365
-0.18823292333599975,0.8222722687802456,-0.2551613471419791,-1.6230885358360985,-0.1634556404230031,0.037242214233125404
-0.1899276777816091,0.8249964680500627,-0.24373321619446323,-1.6377235202510811,-0.1646689026554361,0.03742106643394942
-0.19164213162012197,0.8277035748080748,-0.2322459162731813,-1.6524005979096605,-0.16589123236353423,0.037594734242979634
-0.1933769095398598,0.8303949930006693,-0.22070269810134802,-1.6671178132038231,-0.1671229209241736,0.037762958997933485
-0.1951326580333591,0.8330721850580917,-0.20910694782275666,-1.6818731314871334,-0.1683642697839455,0.037925473805754666
-0.19691004597391767,0.8357366710627812,-0.19746218545213134,-1.6966644399231239,-0.16961559071312704,0.03808200342586563
-0.1987097651941911,0.8383900276720635,-0.18577206273997976,-1.7114895486861081,-0.17087720605974996,0.038232264157569126
-0.20053253106658844,0.841033886788653,-0.17404036043483345,-1.7263461925247745,-0.1721494490036449,0.03837596373110512
-0.2023790830853405,0.8436699339744483,-0.16227098493078537,-1.7412320326957935,-0.17343266381039985,0.038512801201705395
-0.2042501854502559,0.8462999066053484,-0.15046796429379836,-1.7561446592712115,-0.1747272060852401,0.03864246684581444
-0.20614662765233674,0.8489255917672459,-0.1386354436663052,-1.7710815938196467,-0.17603344302691254,0.038764642058464305
-0.20806922506159567,0.8515488238959471,-0.12677768005607273,-1.7860402924572931,-0.1773517536817394,0.03887899925060467
-0.21001881951759738,0.8541714821664768,-0.11489903652206575,-1.8010181492605546,-0.1786825291980917,0.038985201745000725
-0.21199627992343795,0.8567954876400198,-0.10300397577701405,-1.8160125000278067,-0.1800261730816242,0.03908290366912286
-0.21400250284406996,0.8594228001795716,-0.09109705323343457,-1.8310206263734343,-0.1813831014517036,0.039171749843267455
-0.2160384131100791,0.8620554151481724,-0.0791829095268593,-1.8460397601329739,-0.18275374329955532,0.0392513756619691
-0.2181049644282126,0.8646953599063258,-0.06726626255682928,-1.8610670880539963,-0.18413854074874295,0.03932140696659657
-0.22020314000014876,0.8673446901278006,-0.055351899092692745,-1.8760997567433975,-0.18553794931868212,0.03938145990686843
-0.22233395315117585,0.8700054859554198,-0.0434446659972496,-1.8911348778380899,-0.1869524381919704,0.03943114078888468
-0.22449844797061133,0.8726798480206162,-0.031549461126679806,-1.9061695333628104,-0.18838249048638805,0.03947004590714898
-0.22669769996593828,0.8753698933524076,-0.019671223969851596,-1.9212007812359504,-0.1898286035324873,0.03949776135795521
-0.22893281673275692,0.8780777512029958,-0.007814926093916288,-1.9362256608820352,-0.19129128915773946,0.039513862831433995
-0.23120493864274455,0.8808055588183668,0.004014438534035773,-1.9512411989078051,-0.19277107397824705,0.03951791537950013
-0.2335152395518815,0.8835554571830431,0.015811863277630893,-1.9662444147978082,-0.1942684996990505,0.03950947315691228
-0.23586492753123312,0.8863295867685,0.02757233854176308,-1.9812323265850411,-0.19578412342406631,0.03948807913265082
-0.23825524562257366,0.8891300833146795,0.0392908613909213,-1.9962019564524847,-0.19731851797668262,0.03945326476883939
-0.24068747262109727,0.8919590736735392,0.050962445004552256,-2.011150336222358,-0.198872272232009,0.03940454966447745
-0.24316292388738134,0.8948186717426597,0.06258212790114671,-2.0260745126915545,-0.20044599146173073,0.039341441161315646
-0.24568295219064962,0.8977109745156181,0.07414498286615874,-2.0409715527739647,-0.20204029769245055,0.039263433909289006
-0.24824894858522384,0.900638058274171,0.08564612552320135,-2.0558385484132162,-0.20365583007831756,0.03917000938902373
-0.2508623433218561,0.9036019749452887,0.09708072249310672,-2.0706726212326507,-0.20529324528863804,0.039060635389048214
-0.25352460679539846,0.9066047486438092,0.10844399909127665,-2.085470926893105,-0.20695321791104276,0.03893476543546532
-0.25623725052999463,0.90964837241898,0.1197312465201482,-2.100230659133123,-0.20863644087064595,0.038791838171977504
-0.25900182820266826,0.9127348052204798,0.13093782852041982,-2.114949053470542,-0.21034362586547561,0.03863127668829656
-0.2618199367058397,0.9158659690967222,0.14205918745178323,-2.1296233905488715,-0.212075503818283,0.03845248779511238
-0.2646932172489247,0.9190437466353897,0.15309084978114057,-2.1442509991164336,-0.213832825344651,0.03825486124393804
-0.26762335649875646,0.9222699786532865,0.16402843096351966,-2.158829258630747,-0.21561636123711897,0.03803776889028927
-0.2706120877581295,0.9255464621397864,0.17486763970800054,-2.173355601485079,-0.217426902964823,0.03780056379879377
-0.27366119218128604,0.928874948455422,0.185604281627819,-2.187827514858338,-0.21926526318791847,0.03754257928895813
-0.2767725000246548,0.9322571417845733,0.19623426228031143,-2.2022425421935012,-0.22113227628580293,0.037263127920447746
-0.2799478919306081,0.9356946978387837,0.20675358960842616,-2.2165982843135104,-0.22302879889789418,0.03696150041685733
-0.28318930024141925,0.9391892228049988,0.21715837580107633,-2.2308924001869697,-0.22495571047543755,0.036636964527067786
-0.28649871033998214,0.94274227253101,0.2274448385946003,-2.2451226073590247,-0.22691391384251786,0.036288763823401106
-0.289878162013189,0.9463553519385925,0.23760930204198855,-2.259286682065463,-0.22890433576413335,0.03591611643589999
-0.2933297508331496,0.9500299146532879,0.24764819678031882,-2.273382459050351,-0.23092792751884894,0.035518213722177144
-0.2968556295506694,0.9537673628384624,0.25755805983000674,-2.2874078311094057,-0.2329856654731818,0.03509421887240342
-0.3004580094945787,0.9575690472202107,0.2673355339620433,-2.301360748382811,-0.23507855165448113,0.03464326544913906
-0.30413916196961205,0.9614362672888216,0.2769773666713765,-2.315239217422323,-0.23720761431864168,0.034164455861863244
-0.3079014196445712,0.9653702716618978,0.2864804087960357,-2.3290413000583183,-0.23937390850853568,0.03365685977622947
-0.31174717792145373,0.969372258593789,0.29584161282253907,-2.3427651120929416,-0.2415785165985532,0.033119512458274755
-0.31567889627508666,0.9734433766157454,0.3050580309186139,-2.356408821845708,-0.24382254882010532,0.03255141305404641
-0.31969909955155695,0.9775847252911115,0.31412681273435067,-2.36997064857791,-0.24610714376236112,0.0319515228053885
-0.32381037921236977,0.9817973560699201,0.3230452030126616,-2.383448860821927,-0.24843346884185474,0.03131876320296093
-0.3280153945097771,0.9860822732274183,0.3318105390493761,-2.3968417746411426,-0.2508027207339065,0.030652014077955158
-0.33231687357709405,0.990440434871305,0.3404202480425406,-2.4101477518456234,-0.25321612575804775,0.029950111634434003
-0.33671761441604126,0.9948727540027977,0.34887184436954793,-2.4233651981880797,-0.2556749402088164,0.029211846424768154
-0.3412204857612131,0.9993800996170205,0.35716292682965495,-2.4364925615639126,-0.2581804506223958,0.028435961271282492
-0.3458284277996502,1.003963297828624,0.36529117588830823,-2.4495283302383974,-0.2607339739685925,0.02762114913797325
-0.3505444527211864,1.0086231330089752,0.37325435095852255,-2.4624710311233007,-0.2633368577565915,0.02676605095702711
-0.35537164507272995,1.0133603489216831,0.38105028775339267,-2.475319228124468,-0.26599048004177733,0.02586925341588065
-0.3603131618869068,1.0181756498436338,0.38867689574269637,-2.488071520581211,-0.2686962493196661,0.024929286711719432
-0.36537223255254325,1.023069701659094,0.3961321557454944,-2.5007265418176514,-0.271455604291651,0.023944622281648436
-0.3705521583912688,1.0280431329147806,0.40341411768967805,-2.5132829578255778,-0.27427001348581864,0.022913670518287965
-0.3758563119010862,1.033096535824087,0.41052089856857643,-2.525739466097855,-0.2771409747145437,0.021834778482281554
-0.3812881356240643,1.0382304672088905,0.41745068062402324,-2.538094794630974,-0.2800700143489116,0.020706227625165982
-0.3868511405913697,1.0434454493675378,0.4242017097847132,-2.5503477011149793,-0.2830586863882576,0.019526231538269927
-0.392548904294661,1.048741970857713,0.43077229438824854,-2.562496972328756,-0.28610857130124395,0.018292933745799635
-0.39838506812843166,1.0541204871829297,0.43716080421498754,-2.5745414237584607,-0.28922127461293423,0.017004405563060345
-0.40436333424322696,1.0595814213713572,0.4433656698616551,-2.586479899456799,-0.2923984252102705,0.01565864404387364
-0.4104874617447874,1.0651251644356015,0.449385382482643,-2.5983112721608075,-0.29564167333623087,0.01425357004470576
-0.4167612621691306,1.070752075701894,0.45521849392700164,-2.6100344436858314,-0.298952688240758,0.012787026436840812
-0.4231885941584155,1.076462482996939,0.46086361729927894,-2.6216483456134485,-0.3023331554543277,0.011256776502133858
-0.42977335725719634,1.0822566826804034,0.46631942797256304,-2.6331519402911714,-0.3057847736478017,0.009660502552476894
-0.4365194847434555,1.0881349395107462,0.4715846650823007,-2.6445442221618225,-0.30930925104001833,0.007995804818114807
-0.44343093540369105,1.0940974863317658,0.47665813352963976,-2.6558242194405053,-0.31290830131247066,0.006260200655361083
-0.450511684156464,1.1001445235669403,0.48153870652313124,-2.666990996157034,-0.31658363898845937,0.004451124130077047
-0.45776571142431993,1.1062762185083375,0.48622532868755663,-2.678043654581498,-0.32033697423236357,0.0025659260394749663
-0.4651969911500851,1.1124927043866417,0.49071701976834387,-2.688981338050283,-0.32417000702323384,0.0006018744413500083
-0.47280947735040624,1.1187940792086857,0.49501287895941304,-2.6998032342092637,-0.3280844206558798,-0.0014438442333139928
-0.48060708909732786,1.1251804043488476,0.49911208988124794,-2.7105085786899927,-0.3320818745221234,-0.0035741234013609716
-0.4885936938179725,1.131651702880812,0.5030139262344084,-2.7210966592334302,-0.3361639961250595,-0.005791933791922816
-0.4967730888033694,1.1382079576365578,0.506717758151451,-2.7315668202740238,-0.34033237228016894,-0.00810032005699176
-0.5051489808205617,1.1448491089800794,0.5102230592671666,-2.7419184679946587,-0.344588539459153,-0.01050239642381711
-0.51372496372777,1.1515750522843495,0.5135294145230134,-2.7521510758600627,-0.3489339732356064,-0.013001341278298714
-0.5225044940011031,1.158385635101466,0.5166365287164498,-2.762264190632541,-0.35337007679634813,-0.015600390562696971
-0.5314908640936491,1.1652806540178737,0.5195442357993628,-2.7722574388693486,-0.3578981684886401,-0.018302829866140628
-0.5406871735643423,1.1722598511891178,0.5222525089217518,-2.782130533895441,-0.3625194683818974,-0.021111985082977333
-0.5500962979354294,1.1793229105518677,0.5247614712070575,-2.7918832832386533,-0.3672350838331257,-0.02403121151243214
-0.5597208552642989,1.1864694537150489,0.5270714072338223,-2.801515596506463,-0.3720459940584786,-0.02706388127383711
-0.5695631704485442,1.1936990355369526,0.5291827751845315,-2.811027493674247,-0.3769530337292998,-0.030213368915459508
-0.5796252373230267,1.2010111394012575,0.5310962196063489,-2.820419113744267,-0.38195687563004993,-0.03348303510233711
-0.5899086786549395,1.2084051722120974,0.5328125847098746,-2.8296907237224653,-0.38705801243784405,-0.036876208280230305
-0.6004147041978779,1.2158804591367178,0.5343329281109328,-2.838842727846462,-0.39225673770909225,-0.04039616422956051
-0.6111440670289663,1.2234362381339483,0.5356585348967232,-2.8478756769829596,-0.3975531261880278,-0.044046103445775024
-0.6220970184641801,1.231071654317689,0.5367909318715166,-2.856790278096143,-0.4029470135846678,-0.04782912631168808
-0.6332732619258438,1.2387857542168448,0.5377319018086468,-2.8655874036707836,-0.4084379760057925,-0.05174820606366051
-0.6446719062221604,1.2465774800065441,0.5384834975051968,-2.8742681009548656,-0.41402530926145853,-0.05580615959753713
-0.6562914187903413,1.2544456637998742,0.5390480554040386,-2.882833600867039,-0.4197080083107597,-0.06000561621241255
-0.6681295795506524,1.2623890221044836,0.5394282085155122,-2.891285326394519,-0.42548474715313733,-0.06434898445062708
-0.6801834361160451,1.2704061505638575,0.539626898339008,-2.8996249002879066,-0.43135385951432725,-0.06883841726063125
-0.6924492611977872,1.2784955191183556,0.5396473854543049,-2.9078541518415397,-0.43731332071751255,-0.07347577578478226
-0.7049225131377582,1.2866554677355542,0.5394932584252202,-2.9159751225323505,-0.44336073116858293,-0.0782625921554901
-0.7175978005781194,1.2948842028723018,0.539168440635723,-2.9239900702779367,-0.44949330191743136,-0.08320003176854066
-0.7304688523435938,1.3031797948412294,0.5386771946631357,-2.931901472066789,-0.45570784278250615,-0.08828885558933282
-0.7435284936547383,1.3115401762612766,0.538024123786567,-2.939712024711703,-0.46200075354074405,-0.09352938313291671
-0.7567686298061992,1.319963141773993,0.537214170233494,-2.947424643482611,-0.4683680186868059,-0.09892145683816544
-0.7701802384259293,1.3284463492038605,0.5362526097856272,-2.955042458388675,-0.4748052062515506,-0.1044644086256016
-0.7837533713740275,1.336987322330631,0.5351450423987981,-2.962568807902578,-0.4813074711375032,-0.11015702948233176
-0.7974771672385436,1.3455834554237789,0.5338973785421627,-2.970007229953368,-0.4878695633767571,-0.11599754295099542
-0.8113398752370353,1.3542320196630189,0.5325158210304425,-2.9773614500584467,-0.49448584164309267,-0.12198358340748763
-0.8253288911356844,1.3629301715341313,0.5310068422093677,-2.9846353665202296,-0.5011502922548473,-0.1281121799898225
-0.839430805553768,1.3716749632462881,0.5293771564580105,-2.991833032678072,-0.5078565537891861,-0.1343797469841466
-0.8536314647345822,1.380463355166382,0.5276336880902545,-2.998958636279805,-0.5145979472942155,-0.1407820813812369
-0.867916043542107,1.3892922302088877,0.5257835348678904,-3.0060164761176464,-0.5213675119366062,-0.1473143681872835
-0.8822691300965729,1.3981584100584559,0.5238339274752123,-3.0130109361574675,-0.5281580457642463,-0.1539711939079766
-0.896674821105344,1.4070586730392711,0.5217921854438107,-3.019946457475001,-0.5349621511023614,-0.16074656842888502
-0.9111168265942188,1.4159897733831641,0.5196656701500167,-3.0268275083936182,-0.5417722839449577,-0.16763395529424047
-0.9255785824157938,1.4249484615908066,0.5174617356291052,-3.0336585532915943,-0.5485808065592818,-0.17462631014918523
-0.9400433686236565,1.4339315055303672,0.5151876780529216,-3.0404440206081595,-0.5553800423972193,-0.1817161268677882
-0.9544944315704683,1.4429357118788868,0.5128506847945759,-3.0471882706232885,-0.5621623323114658,-0.18889549065237463
-0.9689151074286874,1.4519579474860425,0.5104577840498559,-3.053895563612915,-0.5689200910120186,-0.19615613717104005
-0.9832889447552432,1.4609951602298634,0.5080157959962704,-3.0605700289869118,-0.5756458626743742,-0.20348951661121117
-0.9975998237318047,1.4700443989404246,0.5055312864453062,-3.067215636000677,-0.5823323746269228,-0.21088686137792773
-1.0118320698109187,1.4791028319906143,0.5030105238819876,-3.0738361665928093,-0.5889725881011054,-0.2183392560640519
-1.0259705596804511,1.4881677641917326,0.500459440690792,-3.080435190842763,-0.5955597451212334,-0.22583770827086047
-1.0400008177145341,1.497236651683931,0.49788359924310743,-3.0870160454663553,-0.6020874107364461,-0.23337321886315207
-1.0539091013944917,1.5063071145745195,0.49528816337515547,-3.0935818156774295,-0.608549509948306,-0.2409368503014533
-1.067682474540786,1.5153769471475078,0.4926778756242318,-3.1001353206453905,-0.6149403588558634,-0.2485197918003287
-1.0813088675780076,1.5244441255417063,0.49005704042347215,-3.10667910267568,-0.6212546897169293,-0.2561134202087435
-1.0947771244402402,1.5335068128685063,0.48742951328926426,-3.1132154201384177,-0.6274876698010612,-0.26370935568649495
-1.1080770360958363,1.5425633618106398,0.48479869587846136,-3.1197462440739527,-0.6336349140783315,-0.27129951144939846
-1.121199361013149,1.5516123148067613,0.48216753665111506,-3.1262732583168757,-0.6396924919414257,-0.2788761370643836
-1.1341358331896643,1.5606524019813062,0.4795385367535134,-3.1327978629050954,-0.6456569282916375,-0.2864318549836272
-1.1468791586174905,1.5696825370231542,0.4769137606391996,-3.1393211804800325,-0.6515251994282382,-0.29395969020518403
-1.159423001253337,1.5787018112493851,0.47429485087400564,-3.1458440653388084,-0.6572947242636038,-0.30145309312874946
-1.1717619596995503,1.5877094861117567,0.471683046525042,-3.1523671147696772,-0.6629633514430927,-0.308905955833599
-1.1838915358862596,1.5967049844140133,0.46907920451177026,-3.1588906822871325,-0.6685293429801371,-0.31631262213775574
-1.195808097077522,1.605687880508782,0.4664838232974099,-3.1654148923818006,-0.6739913550255658,-0.32366789190132145
-1.2075088325126981,1.6146578897349972,0.46389706831791383,-3.1719396564105495,-0.679348416378863,-0.3309670201126278
-1.2189917059454562,1.6236148573421143,0.4613187985800681,-3.178464689272145,-0.6845999053213796,-0.3382057113447815
-1.2302554052645884,1.6325587471274527,0.458748593906267,-3.18498952654105,-0.6897455253111242,-0.345380110194702
-1.2412992902810176,1.641489629989471,0.4561857823576134,-3.191513541764429,-0.6947852800292675,-0.35248678832001223
-1.2521233396512625,1.650407672574088,0.4536294674258981,-3.1980359636630875,-0.6997194482132447,-0.35952272867465934
-1.2627280977857525,1.6593131261646268,0.45107855464582824,-3.2045558930141675,-0.7045485586532823,-0.36648530751555497
-1.273114622466314,1.6682063159396525,0.44853177733918537,-3.2110723190304187,-0.7092733656708019,-0.3733722747133695
-1.2832844337754252,1.6770876306977482,0.44598772126046876,-3.2175841350865864,-0.7138948253404677,-0.3801817328541635
-1.2932394648239547,1.6859575131247724,0.4434448479675978,-3.2240901536769835,-0.7184140726641522,-0.3869121155676958
-1.3029820146566014,1.694816450657782,0.44090151679041206,-3.230589120518996,-0.7228323998558831,-0.3935621654654728
-1.312514703616797,1.70366496698086,0.4383560053134403,-3.237079727744726,-0.7271512358525564,-0.40013091201892503
-1.3218404313663357,1.7125036141716388,0.4358065283274457,-3.243560626147012,-0.7313721271262209,-0.40661764965707753
-1.33096233767978,1.721332965503384,0.43325125523660674,-3.2500304364666364,-0.735496719840107,-0.4130219163149038
-1.339883766069604,1.7301536088959557,0.4306883259350697,-3.2564877597247683,-0.7395267433621695,-0.41934347261901644
-1.3486082302445488,1.7389661409996737,0.4281158651883646,-3.2629311866187587,-0.7434639951264436,-0.4255822818569528
-1.3571393833600427,1.7477711618888487,0.4255319955722615,-3.269359306010591,-0.7473103268135896,-0.4317384908403107
-1.3654809899848654,1.7565692703362876,0.4229348490345645,-3.275770712545868,-0.7510676318071747,-0.4378124117404124
-1.3736369006815292,1.76536105963621,0.420322577154612,-3.282164013447496,-0.7547378338710308,-0.4438045049479244
-1.3816110290780985,1.7741471139404807,0.41769336018140474,-3.2885378345325584,-0.7583228769849568,-0.4497153629847076
-1.3894073312953932,1.7829280050716685,0.4150454149348003,-3.294890825503494,-0.7618247162706389,-0.45554569547683066
-1.397029787584783,1.7917042897759627,0.4123770016555652,-3.3012216645659382,-0.7652453099364976,-0.46129631518179964
-1.40448238602722,1.8004765073792606,0.40968642988967335,-3.307529062425707,-0.7685866121688557,-0.46696812505028557
-1.4117691081429948,1.8092451778105814,0.40697206349045895,-3.31381176571659,-0.771850566896973,-0.47256210629259815
-1.4188939162632521,1.818010799958272,0.4042323248193906,-3.3200685599091324,-0.775039102360828,-0.47807930741250393
-1.4258607425179517,1.8267738503260813,0.4014656982226172,-3.3262982717485494,-0.7781541264127394,-0.48352083416538333
-1.432673479300212,1.8355347819580274,0.3986707328562689,-3.3324997712675155,-0.7811975224868025,-0.48888784039385036
-1.4393359710733704,1.844294023602963,0.3958460449289829,-3.338671973416912,-0.7841711461734623,-0.4941815196915383
-1.4458520073942824,1.8530519790917994,0.3929903194254144,-3.344813839354798,-0.787076822340193,-0.4994030978445279
-1.4522253170340653,1.8618090269024212,0.3901023113697221,-3.350924377430998,-0.7899163427430768,-0.5045538259996389
-1.4584595630854125,1.870565519889374,0.3871808466832782,-3.3570026439018097,-0.792691464077962,-0.5096349745093228
-1.4645583389535939,1.8793217851574,0.38422482268622704,-3.3630477434064994,-0.7954039064237565,-0.5146478274040178
-1.4705251651361408,1.8880781240598137,0.38123320828806107,-3.3690588292345094,-0.7980553520342011,-0.5195936774444115
-1.4763634867038968,1.8968348123045258,0.3782050439081318,-3.3750351034096626,-0.8006474444381374,-0.5244738217079803
-1.4820766714035036,1.9055921001522407,0.3751394411630055,-3.3809758166151553,-0.8031817878117856,-0.5292895576663352
-1.4876680083084275,1.914350212692952,0.372035582353813,-3.386880267980775,-0.8056599465898677,-0.5340421797122251
-1.4931407069522773,1.9231093501883472,0.36889271978324817,-3.3927478047515875,-0.8080834452855329,-0.5387329760974476
-1.4984978968843985,1.9318696884691087,0.3657101749286343,-3.398577821855294,-0.8104537684919514,-0.54336322624536
-1.5037426275935388,1.9406313793773493,0.36248733749450207,-3.404369761383582,-0.812772361041151,-0.5479341984041053
-1.5088778687507622,1.949394551245583,0.3592236643653975,-3.4101231120010564,-0.8150406282981648,-0.5524471476090528
-1.5139065107277634,1.9581593094046692,0.355918678477153,-3.4158374082937626,-0.8172599365708569,-0.5569033139252644
-1.5188313653512957,1.9669257367141255,0.352571967622598,-3.421512230067864,-0.8194316136178967,-0.5613039209430222
-1.523655166858609,1.9756938941090594,0.34918318320564157,-3.4271472016077342,-0.8215569492392705,-0.5656501745015754
-1.528380573022607,1.9844638211587424,0.3457520389558171,-3.4327419909015306,-0.823637195935465,-0.5699432616182775
-1.533010166418902,1.993235536632545,0.34227830961372135,-3.438296308841259,-0.8256735696230438,-0.5741843496021822
-1.5375464558100893,2.0020090390695713,0.33876182959629464,-3.44380990840337,-0.8276672503957647,-0.5783745853329457
-1.5419918776254165,2.010784307348887,0.3352024916495595,-3.44928258381507,-0.8296193833216832,-0.5825150946875456
-1.546348797516584,2.019561301257727,0.33160024549525247,-3.454714169710755,-0.8315310792678469,-0.5866069820988764
-1.5506195119727326,2.0283399620555103,0.3279550964767301,-3.4601045402823067,-0.833403415745232,-0.5906513302317131
-1.554806249979752,2.03712021303187,0.32426710420859767,-3.4654536084263525,-0.8352374377675075,-0.5946491997628658
-1.5589111747109057,2.0459019600572637,0.32053638123368516,-3.4707613248910745,-0.8370341587180495,-0.5986016292535694
-1.5629363852374434,2.0546850921250077,0.316763091690269,-3.476027677424665,-0.8387945612203792,-0.6025096351032819
-1.566883918249357,2.0634694818838684,0.31294744999180085,-3.48125268992711,-0.8405195980078564,-0.6063742115750972
-1.5707557497777718,2.072254986160555,0.30908971952084785,-3.4864364216066055,-0.8422101927890605,-0.6101963308839271
-1.5745537969116454,2.081041446471671,0.3051902113384633,-3.4915789661416,-0.8438672411058109,-0.6139769433394764
-1.5782799195025037,2.0898286895248472,0.30124928290978764,-3.4966804508491722,-0.8454916111812445,-0.6177169775368223
-1.5819359218518705,2.0986165277089364,0.29726733684631595,-3.501741035860205,-0.8470841447557832,-0.6214173405881378
-1.5855235543768829,2.107404759573275,0.29324481966496,-3.506760913301621,-0.8486456579091826,-0.6250789183897505
-1.5890445152503083,2.11619317029613,0.28918222056376897,-3.5117403064857555,-0.8501769418671768,-0.6287025759193308
-1.5925004520118275,2.1249815321425274,0.2850800702139524,-3.5166794691068026,-0.8516787637915127,-0.6322891575585442
-1.595892963148014,2.1337696049117625,0.2809389395676658,-3.521578684444135,-0.8531518675524132,-0.6358394874369971
-1.5992235996389417,2.142557136374928,0.27675943868086933,-3.526438264572204,-0.854596974482727,-0.6393543697937495
-1.6024938664697834,2.1513438627028596,0.2725422155504504,-3.531258549576639,-0.8560147841132066,-0.6428345893530757
-1.6057052241061542,2.160129508884942,0.2682879549647092,-3.5360399067761006,-0.8574059748885222,-0.6462809117115181
-1.6088590899322768,2.1689137891392396,0.26399737736623785,-3.540782729949389,-0.8587712048637579,-0.6496940837336088
-1.6119568396513406,2.17769640731444,0.2596712377261764,-3.5454874385672848,-0.8601111123812625,-0.6530748339539332
-1.6149998086476793,2.1864770572841215,0.25531032442880275,-3.5501544770285625,-0.8614263167278278,-0.6564238729834798
-1.6179892933106008,2.1952554233338453,0.2509154581654033,-3.554784313899621,-0.8627174187722602,-0.6597418939184599
-1.620926552319896,2.204031180541589,0.24648749083637655,-3.5593774411571637,-0.8639850015834868,-0.6630295727500011
-1.623812807893208,2.2128039951520257,0.24202730446054194,-3.563934373433377,-0.8652296310294016,-0.6662875687733142
-1.6266492469955796,2.221573524945146,0.2375358100906569,-3.5684556472630717,-0.8664518563567113,-0.6695165249951103
-1.629437022511612,2.2303394195996993,0.23301394673418968,-3.572941820332277,-0.8676522107520867,-0.6727170685381996
-1.6321772543807602,2.2391013210519293,0.2284626802784458,-3.5773934707278014,-0.8688312118849613,-0.6758898110423508
-1.6348710306963745,2.247858863850032,0.22388300241920908,-3.5818111961873274,-0.8699893624323491,-0.6790353490606117
-1.6375194087691578,2.2566116755047667,0.21927592959212522,-3.5861956133496307,-0.8711271505860786,-0.6821542644504087
-1.640123416155765,2.265359376836605,0.21464250190613177,-3.590547357004574,-0.8722450505428557,-0.6852471247588433
-1.64268405165331,2.2741015823197803,0.20998378207831905,-3.5948670793425723,-0.8733435229775868,-0.6883144836016949
-1.6452022862605795,2.2828379004235697,0.20530085436969137,-3.599155449203277,-0.8744230155003979,-0.6913568810357188
-1.6476790641067747,2.2915679339511086,0.20059482352138772,-3.6034131513232865,-0.8754839630977974,-0.6943748439239033
-1.6501153033486229,2.3002912803759994,0.19586681369101352,-3.607640885582749,-0.8765267885584281,-0.6973688862934095
-1.6525118970367068,2.309007532176946,0.19111796738882927,-3.611839366250778,-0.8775519028838602,-0.7003395096859798
-1.6548697139518684,2.3177162771706077,0.18634944441363882,-3.616009321229673,-0.8785597056848723,-0.7032872035006454
-1.6571895994125427,2.326417098842833,0.18156242078831722,-3.6201514912979875,-0.8795505855636658,-0.706212445328614
-1.6594723760538757,2.335109576678392,0.17675808769501544,-3.624266629352554,-0.8805249204824528,-0.7091157012802529
-1.6617188445794742,2.343793286489292,0.17193765041017647,-3.628355499649644,-0.8814830781188518,-0.7119974263041219
-1.6639297844866239,2.352467800741737,0.16710232723959373,-3.632418877045488,-0.8824254162085204,-0.7148580644980371
-1.6661059547658053,2.3611326888817277,0.1622533484538367,-3.6364575462364583,-0.8833522828754419,-0.7176980494121779
-1.6682480945753189,2.3697875176593013,0.15739195522446114,-3.6404723009992552,-0.8842640169502795,-0.7205178043442676
-1.6703569238918217,2.3784318514513405,0.15251939856151045,-3.6444639434315187,-0.8851609482771988,-0.7233177426268851
-1.6724331441375564,2.387065252582877,0.14763693825290083,-3.64843328319332,-0.8860433980095525,-0.7260982679069758
-1.6744774387850414,2.395687281646764,0.14274584180636476,-3.652381136750056,-0.8869116788948077,-0.7288597744176519
-1.676490473939972,2.404297497821575,0.13784738339470476,-3.6563083266173066,-0.8877660955490927,-0.7316026472423804
-1.6784728989030615,2.4128954591875504,0.1329428428051826,-3.6602156806082786,-0.8886069447217214,-0.734327262571672
-1.6804253467115393,2.4214807230403865,0.12803350439393585,-3.6641040310844755,-0.8894345155500524,-0.7370339879523922
-1.6823484346609985,2.4300528462026483,0.12312065604637581,-3.667974214210302,-0.8902490898050222,-0.7397231825298233
-1.6842427648082685,2.438611385332546,0.11820558814457614,-3.6718270692123256,-0.8910509421276864,-0.7423951972826157
-1.6861089244559742,2.447155897229817,0.11328959254271063,-3.6756634376439568,-0.8918403402570917,-0.7450503752507693
-1.6879474866194166,2.4556859391384136,0.10837396155164132,-3.6794841626563377,-0.8926175452497895,-0.747689051756792
-1.6897590104764,2.4642010690457066,0.10345998693379328,-3.683290088276244,-0.8933828116912969,-0.7503115546201865
-1.6915440418006065,2.472700845977878,0.09854895890948116,-3.6870820586918334,-0.8941363878997954,-0.7529182043654183
-1.6933031133791043,2.4811848302911823,0.09364216517587365,-3.690860917547071,-0.8948785161223555,-0.7555093144235203
-1.695036745414559,2.4896525839587396,0.08874088993979595,-3.69462750724569,-0.8956094327239572,-0.7580851913274904
-1.6967454459126967,2.4981036708525215,0.08384641296557703,-3.6983826682655274,-0.8963293683695778,-0.7606461349016408
-1.698429711055557,2.506537657020188,0.07896000863914743,-3.70212723848409,-0.8970385481996005,-0.7631924384450562
-1.7000900255610507,2.5149541109564257,0.07408294504958576,-3.705862052516193,-0.8977371919987959,-0.7657243889093195
-1.701726863029327,2.5233526038684575,0.06921648308929662,-3.7095879410644943,-0.8984255143591152,-0.7682422670706611
-1.7033406862764369,2.5317327099353735,0.06436187557398078,-3.7133057302837544,-0.89910372483653,-0.7707463476966907
-1.7049319476557632,2.540094006560965,0.05952036638352977,-3.717016241159599,-0.8997720281021424,-0.773236899707864
-1.7065010893676764,2.548436074619732,0.05469318962494157,-3.720720288902569,-0.9004306240877842,-0.7757141863338411
-1.7080485437578576,2.5567584986957597,0.04988156881831302,-3.7244186823581935,-0.9010797081263151,-0.7781784652648867
-1.7095747336047187,2.5650608673141653,0.045086716106917314,-3.728112223433796,-0.9017194710868243,-0.7806299887984626
-1.7110800723963324,2.5733427731648333,0.040309831492322284,-3.731801706542705,-0.9023500995049298,-0.783069003981163
-1.7125649645972785,2.5816038133181753,0.03555210209544797,-3.735487918066513,-0.9029717757083684,-0.7854957527461345
-1.71402980590579,2.5898435894326717,0.03081470144439962,-3.7391716358359597,-0.9035846779380562,-0.7879104720461275
-1.7154749835015795,2.598061707953961,0.026098788789846276,-3.742853628631001,-0.9041889804647998,-0.7903133939823188
-1.7169008762847087,2.6062577803052824,0.021405508448645513,-3.746534655700557,-0.9047848537018266,-0.7927047459290427
-1.7183078551058508,2.61443142306908,0.016735989176342003,-3.750215466302389,-0.9053724643133003,-0.7950847506545673
-1.7196962829882898,2.6225822581596145,0.012091343569092375,-3.7538967992635035,-0.9059519753189809,-0.7974536264380475
-1.7210665153419817,2.630709912986446,0.007472667495491553,-3.757579382561433,-0.9065235461951812,-0.7998115871827852
-1.7224189001699988,2.638814020608676,0.002881039558696865,-3.7612639329266826,-0.9070873329721699,-0.8021588425259222
-1.723753778267659,2.6468942198798646,-0.0016824794108335293,-3.764951155466583,-0.9076434883281617,-0.8044955979446896
-1.7250714834146421,2.654950155583558,-0.006216846831751644,-3.768641743310732,-0.9081921616800329,-0.8068220548593349
-1.7263723425603719,2.6629814785593977,-0.010721038817224117,-3.772336377278155,-0.9087334992708959,-0.809138410732842
-1.7276566760029448,2.6709878458197926,-0.015194050589253879,-3.7760357255662553,-0.9092676442546568,-0.8114448591675605
-1.728924797561867,2.678968920657176,-0.019634896861921623,-3.7797404434615807,-0.9097947367776827,-0.8137415899988534
-1.730177014744856,2.686924372741878,-0.024042612193627067,-3.7834511730723683,-0.910314914057694,-0.8160287893858711
-1.7314136289089561,2.6948538782106835,-0.028416251308485588,-3.7871685430827866,-0.9108283104599955,-0.8183066398995568
-1.732634935416197,2.702757119746154,-0.03275488938710927,-3.7908931685287395,-0.911335057571156,-0.8205753206079834
-1.7338412237840317,2.710633786646827,-0.03705762232707224,-3.794625650595048,-0.9118352842702411,-0.8228350071591212
-1.735032777830766,2.718483574888415,-0.041323566973428205,-3.7983665764337804,-0.9123291167976991,-0.8250858718611294
-1.7362098758161928,2.72630618717616,-0.045551861319712984,-3.802116519003457,-0.912816678821997,-0.8273280837602651
-1.7373727905776326,2.7341013329885056,-0.04974166467992637,-3.8058760369288076,-0.9132980915040987,-0.829561808716497
-1.7385217896615714,2.741868728612278,-0.053892157832045394,-3.809645674380728,-0.913773473559875,-0.8317872094769088
-1.7396571354510852,2.7496080971695736,-0.05800254313367531,-3.813425960976037,-0.9142429413205294,-0.8340044457469763
-1.7407790852892246,2.757319168636578,-0.06207204461049469,-3.817217411696606,-0.9147066087911218,-0.8362136742597962
-1.7418878915985336,2.7650016798545396,-0.06609990801819705,-3.821020526827394,-0.9151645877072675,-0.8384150488433432
-1.7429838019968613,2.7726553745331537,-0.07008540087867363,-3.8248357919128964,-0.9156169875900874,-0.8406087204858295
-1.7440670594096261,2.7802800032466033,-0.07402781249121936,-3.82866367773149,-0.9160639157994784,-0.8427948373992367
-1.7451379021786775,2.7878753234225293,-0.07792645391957813,-3.8325046402871275,-0.9165054775857746,-0.8449735450810879
-1.7461965641678998,2.7954410993242047,-0.08178065795567245,-3.836359120817812,-0.9169417761398625,-0.847144986374526
-1.7472432748656934,2.8029771020261913,-0.08558977906088805,-3.8402275458202775,-0.9173729126418135,-0.8493093015267588
-1.7482782594844601,2.810483109383769,-0.08935319328580534,-3.8441103270902643,-0.9177989863080929,-0.8514666282459337
-1.7493017390572199,2.817958905996434,-0.09307029816928646,-3.8480078617777838,-0.9182200944374014,-0.8536171017564961
-1.7503139305314726,2.8254042831657515,-0.09674051261784034,-3.8519205324567425,-0.9186363324552038,-0.8557608548530887
-1.7513150468604193,2.8328190388478776,-0.10036327676619752,-3.8558487072082994,-0.9190477939569959,-0.8578980179530435
-1.7523052970916484,2.840202977601029,-0.10393805182003253,-3.8597927397173137,-0.9194545707503585,-0.8600287191475166
-1.7532848864533872,2.847555910528218,-0.1074643198817741,-3.863752969381246,-0.9198567528958461,-0.8621530842513134
-1.7542540164384164,2.8548776552155366,-0.11094158376044266,-3.8677297214308672,-0.9202544287467537,-0.8642712368514527
-1.755212884885739,2.862168035666294,-0.1143693667664507,-3.8717233070621404,-0.9206476849878046,-0.8663832983545091
-1.7561616860600893,2.8694268822312945,-0.11774721249229465,-3.8757340235786293,-0.9210366066727993,-0.8684893880327801
-1.7571006107293659,2.876654031535544,-0.12107468458005764,-3.879762154543809,-0.9214212772612645,-0.8705896230693145
-1.7580298462400659,2.8838493264016734,-0.12435136647662999,-3.883807969942647,-0.9218017786541377,-0.872684118601843
-1.758949576590797,2.8910126157703453,-0.12757686117754027,-3.887871726351843,-0.9221781912285222,-0.8747729877656452
-1.7598599825039345,2.8981437546179305,-0.13075079096027298,-3.8919536671181114,-0.922550593871547,-0.8768563417353887
-1.760761241495494,2.9052426038717045,-0.13387279710793054,-3.896054022543918,-0.9229190640133615,-0.8789342897659749
-1.7616535279432814,2.9123090303228305,-0.13694253962407685,-3.900173010080083,-0.9232836776592951,-0.8810069392324196
-1.7625370131533802,2.919342906537371,-0.13995969693957827,-3.9043108345246784,-0.9236445094212105,-0.8830743956688031
-1.7634118654250357,2.9263441107655757,-0.14292396561223442,-3.908467688227667,-0.9240016325480784,-0.8851367628063148
-1.7642782501139873,2.9333125268496727,-0.14583506001996702,-3.912643751300742,-0.924355118955798,-0.8871941426104225
-1.765136329694304,2.940248044130389,-0.14869271204830975,-3.916839191831839,-0.9247050392562889,-0.8892466353171913
-1.765986263818768,2.9471505573524133,-0.1514966707729161,-3.9210541661038154,-0.9250514627858769,-0.8912943394687775
-1.7668282093778582,2.9540199665690055,-0.154246702137775,-3.9252888188168105,-0.9253944576329977,-0.8933373519481224
-1.7676623205573716,2.9608561770459536,-0.15694258862979724,-3.9295432833138033,-0.9257340906652369,-0.8953757680128676
-1.7684887488947307,2.967659099165055,-0.1595841289504077,-3.9338176818089243,-0.92607042755573,-0.8974096813285148
-1.7693076433340122,2.974428648327308,-0.16217113768475064,-3.9381121256180767,-0.926403532808938,-0.8994391840008514
-1.7701191502797378,2.9811647448559735,-0.1647034449690875,-3.942426715391453,-0.9267334697858204,-0.9014643666076603
-1.7709234136494616,2.9878673138996716,-0.1671808961569381,-3.946761541347546,-0.927060300728421,-0.9034853182297358
-1.7717205749251899,2.994536285335654,-0.16960335148448907,-3.951116683508272,-0.9273840867838845,-0.905502126481222
-1.7725107732036651,3.001171593673396,-0.17197068573576535,-3.9554922119348452,-0.9277048880279187,-0.9075148775392928
-1.7732941452455466,3.0077731779586414,-0.17428278790803292,-3.959888186964055,-0.9280227634877198,-0.9095236561731898
-1.7740708255235162,3.0143409816780107,-0.1765395608778749,-3.964304659444625,-0.9283377711643734,-0.911528545772635
-1.7748409462693393,3.0208749526642973,-0.17874092106835582,-3.968741670973336,-0.9286499680547469,-0.9135296283756341
-1.775604637519907,3.027375043002549,-0.18088679811766364,-3.973199254130632,-0.9289594101728853,-0.9155269846956857
-1.776362027162287,3.033841208937031,-0.18297713454959333,-3.977677432715424,-0.929266152570926,-0.9175206941484105
-1.7771132409778079,3.0402734107791622,-0.18501188544621158,-3.982176221978842,-0.9295702493595421,-0.9195108348776156
-1.7778584026852,3.0466716128164992,-0.18699101812301783,-3.986695628856688,-0.9298717537279284,-0.921497483780807
-1.7785976339828176,3.0530357832228465,-0.18891451180689392,-3.9912356522003694,-0.930170717963341,-0.9234807165341633
-1.7793310545899634,3.0593658939695536,-0.19078235731711202,-3.995796283006093,-0.9304671934702018,-0.9254606076169849
-1.7800587822873373,3.065661920738062,-0.19259455674964873,-4.00037750464214,-0.9307612307887777,-0.9274372303356286
-1.7807809329566304,3.0719238428337516,-0.19435112316503264,-4.004979293074023,-0.9310528796134478,-0.9294106568469422
-1.7814976206192834,3.0781516431011315,-0.19605208027993198,-4.009601617087373,-0.9313421888105647,-0.931380958181209
-1.7822089574744293,3.0843453078404197,-0.19769746216267045,-4.014244438508391,-0.9316292064359228,-0.9333482042646141
-1.782915053936039,3.09050482672554,-0.1992873129328403,-4.018907712421732,-0.9319139797518418,-0.9353124639412439
-1.7836160186692875,3.096630192723571,-0.2008216864651643,-4.023591387385688,-0.9321965552438741,-0.9372738049946293
-1.784311958626158,3.1027214020156637,-0.20230064609774154,-4.028295405644558,-0.9324769786371467,-0.9392322941688424
-1.785002979080302,3.1087784539194554,-0.2037242643447959,-4.033019703338094,-0.9327552949123435,-0.941187997189157
-1.7856891836611697,3.1148013508129866,-0.20509262261403088,-4.0377642107079295,-0.9330315483213393,-0.9431409787822848
-1.78637067438743,3.120790098060136,-0.20640581092868007,-4.042528852300913,-0.9333057824024907,-0.9450913026961929
